{
  "accuracy": 0.93865,
  "precision": 0.993022152970666,
  "recall": 0.9287796223545811,
  "roc_auc": 0.9822096573158743
}